{"cameraMode":{"drawMode":0,"name":"Shaded","section":"Shading Mode"},"sceneLighting":true,"audioPlay":false,"sceneViewState":{"showFog":true,"showMaterialUpdate":true,"showSkybox":true,"showFlares":true,"showImageEffects":true,"showParticleSystems":true},"in2DMode":false,"pivot":{"x":0.23371031880378724,"y":1.821821689605713,"z":2.3705737590789797},"rotation":{"x":0.01768019236624241,"y":0.03208610787987709,"z":0.0005675352877005935,"w":-0.9993285536766052},"size":20.712547302246095,"orthographic":false}